<?xml version="1.0" encoding="UTF-8"?>
<project-private xmlns="http://www.netbeans.org/ns/project-private/1">
    <editor-bookmarks xmlns="http://www.netbeans.org/ns/editor-bookmarks/2" lastBookmarkId="0"/>
    <open-files xmlns="http://www.netbeans.org/ns/projectui-open-files/2">
        <group>
            <file>file:/D:/miniproject1A/PATmini/src/patmini/asname.java</file>
            <file>file:/D:/miniproject1A/PATmini/src/USERHOME1.java</file>
            <file>file:/D:/miniproject1A/PATmini/src/Picsart_24-09-01_22-01-15-634.png</file>
            <file>file:/D:/miniproject1A/PATmini/src/adminhomeU2.java</file>
            <file>file:/D:/miniproject1A/PATmini/src/QSS11.java</file>
            <file>file:/D:/miniproject1A/PATmini/src/QSS2.java</file>
            <file>file:/D:/miniproject1A/PATmini/src/patmini/qsname.java</file>
            <file>file:/D:/miniproject1A/PATmini/src/notes.java</file>
            <file>file:/D:/miniproject1A/PATmini/src/asuser.java</file>
            <file>file:/D:/miniproject1A/PATmini/src/patmini/curorg.java</file>
            <file>file:/D:/miniproject1A/PATmini/src/user_db_connection.java</file>
            <file>file:/D:/miniproject1A/PATmini/src/SignUp.java</file>
            <file>file:/D:/miniproject1A/PATmini/src/tss1.java</file>
            <file>file:/D:/miniproject1A/PATmini/src/section.java</file>
            <file>file:/D:/miniproject1A/PATmini/src/aq102.java</file>
            <file>file:/D:/miniproject1A/PATmini/src/QSS3.java</file>
            <file>file:/D:/miniproject1A/PATmini/src/addp1.java</file>
            <file>file:/D:/miniproject1A/PATmini/asname.assname</file>
            <file>file:/D:/miniproject1A/PATmini/src/createorg.java</file>
            <file>file:/D:/miniproject1A/PATmini/src/adminhome.java</file>
            <file>file:/D:/miniproject1A/PATmini/src/RESETP.java</file>
            <file>file:/D:/miniproject1A/PATmini/src/QSS4.java</file>
            <file>file:/D:/miniproject1A/PATmini/src/QSS1.java</file>
            <file>file:/D:/miniproject1A/PATmini/src/Report.java</file>
            <file>file:/D:/miniproject1A/PATmini/src/adminhomeL.java</file>
            <file>file:/D:/miniproject1A/PATmini/src/QSS.java</file>
            <file>file:/D:/miniproject1A/PATmini/src/patmini/usersession.java</file>
            <file>file:/D:/miniproject1A/PATmini/src/aq101.java</file>
            <file>file:/D:/miniproject1A/PATmini/src/addp.java</file>
            <file>file:/D:/miniproject1A/PATmini/src/export202409272049590039.png</file>
            <file>file:/D:/miniproject1A/PATmini/src/aq5.java</file>
            <file>file:/D:/miniproject1A/PATmini/src/esec.java</file>
            <file>file:/D:/miniproject1A/PATmini/src/patmini/PATmini.java</file>
            <file>file:/D:/miniproject1A/PATmini/src/FP.java</file>
            <file>file:/D:/miniproject1A/PATmini/src/adminhomeU1.java</file>
            <file>file:/D:/miniproject1A/PATmini/src/LoginPage.java</file>
            <file>file:/D:/miniproject1A/PATmini/src/SQLException.java</file>
            <file>file:/D:/miniproject1A/PATmini/src/utest.java</file>
            <file>file:/D:/miniproject1A/PATmini/src/joinorg.java</file>
            <file>file:/D:/miniproject1A/PATmini/src/POP1.java</file>
            <file>file:/D:/miniproject1A/PATmini/src/ass1.java</file>
            <file>file:/D:/miniproject1A/PATmini/src/Untitled%20design%20(2).png</file>
            <file>file:/D:/miniproject1A/PATmini/src/noteslist.java</file>
            <file>file:/D:/miniproject1A/PATmini/src/nsec.java</file>
            <file>file:/D:/miniproject1A/PATmini/src/results.java</file>
            <file>file:/D:/miniproject1A/PATmini/src/homepage.java</file>
        </group>
    </open-files>
</project-private>
