<?xml version="1.0" encoding="UTF-8"?>
<project-private xmlns="http://www.netbeans.org/ns/project-private/1">
    <editor-bookmarks xmlns="http://www.netbeans.org/ns/editor-bookmarks/2" lastBookmarkId="0"/>
    <open-files xmlns="http://www.netbeans.org/ns/projectui-open-files/2">
        <group>
            <file>file:/C:/Users/Shaily%20Gupta/Documents/NetBeansProjects/Book%20Rental%20System/src/book/rental/system/SignUp.java</file>
            <file>file:/C:/Users/Shaily%20Gupta/Documents/NetBeansProjects/Book%20Rental%20System/src/book/rental/system/home.java</file>
            <file>file:/C:/Users/Shaily%20Gupta/Documents/NetBeansProjects/Book%20Rental%20System/src/book/rental/system/BookRentalSystem.java</file>
            <file>file:/C:/Users/Shaily%20Gupta/Documents/NetBeansProjects/Book%20Rental%20System/src/book/rental/system/adminsignup.java</file>
            <file>file:/C:/Users/Shaily%20Gupta/Documents/NetBeansProjects/Book%20Rental%20System/src/images/welpg_1.jpg</file>
            <file>file:/C:/Users/Shaily%20Gupta/Documents/NetBeansProjects/Book%20Rental%20System/src/book/rental/system/admin_pay.java</file>
            <file>file:/C:/Users/Shaily%20Gupta/Documents/NetBeansProjects/Book%20Rental%20System/src/book/rental/system/PrepareStatement.java</file>
            <file>file:/C:/Users/Shaily%20Gupta/Documents/NetBeansProjects/Book%20Rental%20System/src/book/rental/system/admin_home.java</file>
            <file>file:/C:/Users/Shaily%20Gupta/Documents/NetBeansProjects/Book%20Rental%20System/src/book/rental/system/forget_password.java</file>
            <file>file:/C:/Users/Shaily%20Gupta/Documents/NetBeansProjects/Book%20Rental%20System/src/book/rental/system/welcome.java</file>
            <file>file:/C:/Users/Shaily%20Gupta/Documents/NetBeansProjects/Book%20Rental%20System/src/book/rental/system/adminLogin.java</file>
            <file>file:/C:/Users/Shaily%20Gupta/Documents/NetBeansProjects/Book%20Rental%20System/src/book/rental/system/net_page.java</file>
            <file>file:/C:/Users/Shaily%20Gupta/Documents/NetBeansProjects/Book%20Rental%20System/src/book/rental/system/card.java</file>
            <file>file:/C:/Users/Shaily%20Gupta/Documents/NetBeansProjects/Book%20Rental%20System/src/book/rental/system/user_login.java</file>
            <file>file:/C:/Users/Shaily%20Gupta/Documents/NetBeansProjects/Book%20Rental%20System/src/book/rental/system/upi_page.java</file>
            <file>file:/C:/Users/Shaily%20Gupta/Documents/NetBeansProjects/Book%20Rental%20System/src/book/rental/system/add_books.java</file>
            <file>file:/C:/Users/Shaily%20Gupta/Documents/NetBeansProjects/Book%20Rental%20System/src/book/rental/system/edit_books.java</file>
        </group>
    </open-files>
</project-private>
